<?xml version="1.0" encoding="UTF-8"?>
<beans xmlns="http://www.springframework.org/schema/beans"
       xmlns:xsi="http://www.w3.org/2001/XMLSchema-instance"
       xmlns:context="http://www.springframework.org/schema/context"
       xsi:schemaLocation="http://www.springframework.org/schema/beans http://www.springframework.org/schema/beans/spring-beans.xsd
        http://www.springframework.org/schema/context http://www.springframework.org/schema/context/spring-context.xsd">

    <bean id="droneDelivery" class="fr.uge.jee.onlineshop.Drone"/>
    <bean id="standardDelivery" class="fr.uge.jee.onlineshop.Standard">
        <constructor-arg value="5"/>
    </bean>
    <bean id="thief" class="fr.uge.jee.onlineshop.Thief"/>
    <bean id="insuranceAllMembers" class="fr.uge.jee.onlineshop.Return"/>

    <bean id="insuranceMembers" class="fr.uge.jee.onlineshop.Return">
        <constructor-arg value="true"/>
    </bean>

    <bean id="shop" class="fr.uge.jee.onlineshop.OnlineShop">
        <constructor-arg value="Amazon"/>
        <constructor-arg>
            <set>
                <ref bean="droneDelivery"/>
                <ref bean="standardDelivery"/>
            </set>
        </constructor-arg>
        <constructor-arg>
            <set>
                <ref bean="insuranceMembers"/>
            </set>
        </constructor-arg>
    </bean>

</beans>