<?xml version="1.0" encoding="UTF-8"?>
<beans xmlns="http://www.springframework.org/schema/beans"
       xmlns:xsi="http://www.w3.org/2001/XMLSchema-instance"
       xmlns:context="http://www.springframework.org/schema/context"
       xsi:schemaLocation="http://www.springframework.org/schema/beans http://www.springframework.org/schema/beans/spring-beans.xsd
        http://www.springframework.org/schema/context http://www.springframework.org/schema/context/spring-context.xsd">


    <bean id="book1" class="fr.uge.jee.bookstore.Book">
        <constructor-arg  value="Le livre de la jungle"/>
        <constructor-arg  value="55453"/>
    </bean>
    <bean id="book2" class="fr.uge.jee.bookstore.Book">
        <constructor-arg  value="Le lion"/>
        <constructor-arg  value="554545"/>
    </bean>

    <bean id="book3" class="fr.uge.jee.bookstore.Book">
        <constructor-arg  value="La lionne"/>
        <constructor-arg  value="554546"/>
    </bean>

    <bean id="library" class="fr.uge.jee.bookstore.Library">
<!--        <constructor-arg>-->
<!--            <set>-->
<!--                <ref bean="book1"/>-->
<!--                <ref bean="book2"/>-->
<!--            </set>-->
<!--        </constructor-arg>-->
    </bean>

    <bean id="autowire" class="fr.uge.jee.bookstore.Library" autowire="constructor"/>

</beans>